{"cond_S1_step":18.61003515688796,"r1_epoch":6935.184595265299,"r1_step":6835.557877419911,"_wandb":{"runtime":17},"epoch":26,"reconstruction_loss_epoch":16.689185880472387,"_timestamp":1.7493522858933997e+09,"cond_S2_step":20.0334829303958,"_step":52,"cond_S2_epoch":19.700181860997066,"r2_step":0.00042346594817468713,"reconstruction_loss_step":13.019057797229983,"r2_epoch":0.0006865379165560363,"cond_S1_epoch":18.615019683802288,"_runtime":17.190352269,"regularization_loss_epoch":700383.8386920902,"trainer/global_step":26,"train_loss_step":687803.4662815352,"regularization_loss_step":687790.447223738,"train_loss_epoch":700400.5278779707}