{"IG":1.2044300378686656,"_wandb":{"runtime":9},"_timestamp":1.7493528700900974e+09,"_runtime":7.909815123,"_step":2,"Ratio 1":0.21970406593422162,"Ratio 2":0.26461817645305435}