{"_step":23,"loss_plot":{"path":"media/images/loss_plot_20_5a68226acc8d32bc05c6.png","format":"png","width":600,"height":400,"_type":"image-file","sha256":"5a68226acc8d32bc05c6adad4a3904e1d68bd36c666b571b195a117a77442ec1","size":21990},"r1_epoch":14779.285722080893,"trainer/global_step":9,"Ratio 1":0.21970406593422162,"cond_S2_epoch":19.084647953212787,"_runtime":7.192964349,"Ratio 2":0.26461817645305435,"_timestamp":1.749352309208711e+09,"reconstruction_loss_epoch":19.941407726183996,"train_loss_epoch":1.4894273101172333e+06,"train_loss_step":1.4894273101172333e+06,"r2_step":0.0011478796501417845,"cond_S1_step":18.988090716374572,"r2_epoch":0.0011478796501417845,"_wandb":{"runtime":8},"cond_S2_step":19.084647953212787,"cond_S1_epoch":18.988090716374572,"regularization_loss_epoch":1.4894073687095072e+06,"reconstruction_loss_step":19.941407726183996,"epoch":9,"IG":1.2044300378686656,"r1_step":14779.285722080893,"regularization_loss_step":1.4894073687095072e+06}