{"epoch":0,"reconstruction_loss_step":1.1658618450164795,"regularization_loss_epoch":1.3558617747741671e+07,"cond_S1_epoch":22.25066355223699,"train_loss_epoch":1.3558620829277335e+07,"r1_step":3.981358912123246e+06,"_timestamp":1.7493530656921117e+09,"reconstruction_loss_epoch":3.081536054611206,"r1_epoch":1.3558616885439666e+07,"r2_epoch":1.724604023221647e-08,"Ratio 2":7.302443649929936,"cond_S2_epoch":25.783950678458872,"Ratio 1":0.06923927140108077,"_wandb":{"runtime":27},"train_loss_step":3.9813602237579105e+06,"_runtime":26.985684566,"r2_step":2.9154563837064815e-09,"IG":105.46678932580377,"_step":95,"regularization_loss_step":3.9813590578960655e+06,"cond_S2_step":25.653950552540906,"trainer/global_step":91,"cond_S1_step":21.793064479326866}