{"IG":1.2044300378686656,"train_loss_step":1.4894273101172333e+06,"cond_S1_epoch":18.988090716374572,"r1_step":14779.285722080893,"regularization_loss_epoch":1.4894073687095072e+06,"_wandb":{"runtime":14},"reconstruction_loss_step":19.941407726183996,"r2_step":0.0011478796501417845,"epoch":9,"Ratio 1":0.21970406593422162,"regularization_loss_step":1.4894073687095072e+06,"_timestamp":1.7493528700919423e+09,"r2_epoch":0.0011478796501417845,"trainer/global_step":9,"_runtime":13.413886852,"cond_S2_epoch":19.084647953212787,"cond_S1_step":18.988090716374572,"cond_S2_step":19.084647953212787,"_step":22,"Ratio 2":0.26461817645305435,"reconstruction_loss_epoch":19.941407726183996,"train_loss_epoch":1.4894273101172333e+06,"r1_epoch":14779.285722080893}